{"cameraMode":{"drawMode":0,"name":"Shaded","section":"Shading Mode"},"sceneLighting":true,"audioPlay":false,"sceneViewState":{"showFog":true,"showMaterialUpdate":false,"showSkybox":true,"showFlares":true,"showImageEffects":true,"showParticleSystems":true,"showVisualEffectGraphs":true,"m_FxEnabled":true},"in2DMode":false,"pivot":{"x":11.243797302246094,"y":1.6461864709854127,"z":-14.010292053222657},"rotation":{"x":0.013791115023195744,"y":0.9474605917930603,"z":-0.041241053491830829,"w":0.3169211745262146},"size":9.725897789001465,"orthographic":false}