{"cameraMode":{"drawMode":0,"name":"Shaded","section":"Shading Mode"},"sceneLighting":true,"audioPlay":false,"sceneViewState":{"showFog":true,"showMaterialUpdate":false,"showSkybox":true,"showFlares":true,"showImageEffects":true,"showParticleSystems":true,"showVisualEffectGraphs":true,"m_FxEnabled":true},"in2DMode":false,"pivot":{"x":7.998135566711426,"y":0.36430269479751589,"z":-17.617881774902345},"rotation":{"x":0.0006606251117773354,"y":0.997947633266449,"z":-0.010478371754288674,"w":0.06325047463178635},"size":8.944272994995118,"orthographic":false}