{"cameraMode":{"drawMode":0,"name":"Shaded","section":"Shading Mode"},"sceneLighting":false,"audioPlay":false,"sceneViewState":{"showFog":true,"showMaterialUpdate":false,"showSkybox":true,"showFlares":true,"showImageEffects":true,"showParticleSystems":true,"showVisualEffectGraphs":true,"m_FxEnabled":true},"in2DMode":false,"pivot":{"x":-4.745994567871094,"y":-1.8343353271484376,"z":45.614967346191409},"rotation":{"x":0.13687574863433839,"y":-0.17436733841896058,"z":0.024484572932124139,"w":0.9748165011405945},"size":54.45302963256836,"orthographic":false}