{"cameraMode":{"drawMode":0,"name":"Shaded","section":"Shading Mode"},"sceneLighting":true,"audioPlay":false,"sceneViewState":{"showFog":true,"showMaterialUpdate":false,"showSkybox":true,"showFlares":true,"showImageEffects":true,"showParticleSystems":true,"showVisualEffectGraphs":true,"m_FxEnabled":true},"in2DMode":false,"pivot":{"x":-14.844990730285645,"y":16.229928970336915,"z":10.014144897460938},"rotation":{"x":0.2210702747106552,"y":0.07014906406402588,"z":-0.015944769605994226,"w":0.9726043343544006},"size":7.7025556564331059,"orthographic":false}