{"cameraMode":{"drawMode":0,"name":"Shaded","section":"Shading Mode"},"sceneLighting":false,"audioPlay":false,"sceneViewState":{"showFog":true,"showMaterialUpdate":false,"showSkybox":false,"showFlares":true,"showImageEffects":true,"showParticleSystems":true,"showVisualEffectGraphs":true,"m_FxEnabled":true},"in2DMode":false,"pivot":{"x":4.9935173988342289,"y":0.7873345613479614,"z":-0.43638062477111819},"rotation":{"x":-0.0014903368428349496,"y":0.9983310103416443,"z":-0.030268318951129915,"w":-0.049156855791807178},"size":1.0307763814926148,"orthographic":false}