{"cameraMode":{"drawMode":0,"name":"Shaded","section":"Shading Mode"},"sceneLighting":false,"audioPlay":false,"sceneViewState":{"showFog":true,"showMaterialUpdate":false,"showSkybox":false,"showFlares":true,"showImageEffects":true,"showParticleSystems":true,"showVisualEffectGraphs":true,"m_FxEnabled":true},"in2DMode":false,"pivot":{"x":5.095081806182861,"y":1.0307443141937256,"z":-1.8695714473724366},"rotation":{"x":0.0001333800028078258,"y":0.9998454451560974,"z":-0.008998028934001923,"w":0.015294560231268406},"size":2.33896803855896,"orthographic":false}