{"cameraMode":{"drawMode":0,"name":"Shaded","section":"Shading Mode"},"sceneLighting":false,"audioPlay":false,"sceneViewState":{"showFog":true,"showMaterialUpdate":false,"showSkybox":false,"showFlares":true,"showImageEffects":true,"showParticleSystems":true,"showVisualEffectGraphs":true,"m_FxEnabled":true},"in2DMode":false,"pivot":{"x":-1.5951656103134156,"y":0.6052352786064148,"z":4.190909385681152},"rotation":{"x":-0.058812860399484637,"y":0.6438283920288086,"z":0.049739379435777667,"w":0.7612847089767456},"size":1.244117259979248,"orthographic":true}