{"cameraMode":{"drawMode":0,"name":"Shaded","section":"Shading Mode"},"sceneLighting":false,"audioPlay":false,"sceneViewState":{"showFog":true,"showMaterialUpdate":false,"showSkybox":false,"showFlares":true,"showImageEffects":true,"showParticleSystems":true,"showVisualEffectGraphs":true,"m_FxEnabled":true},"in2DMode":false,"pivot":{"x":-1.9269673824310303,"y":0.49426698684692385,"z":16.471843719482423},"rotation":{"x":0.06985636800527573,"y":-0.12832343578338624,"z":0.009063021279871464,"w":0.989230215549469},"size":0.8637022972106934,"orthographic":false}