{"cameraMode":{"drawMode":0,"name":"Shaded","section":"Shading Mode"},"sceneLighting":false,"audioPlay":false,"sceneViewState":{"showFog":true,"showMaterialUpdate":false,"showSkybox":false,"showFlares":true,"showImageEffects":true,"showParticleSystems":true,"showVisualEffectGraphs":true,"m_FxEnabled":true},"in2DMode":false,"pivot":{"x":-2.012766122817993,"y":0.8979489803314209,"z":16.564857482910158},"rotation":{"x":0.10015951842069626,"y":-0.05817186459898949,"z":0.005867276806384325,"w":0.9932549595832825},"size":0.8637022972106934,"orthographic":false}