{"cameraMode":{"drawMode":0,"name":"Shaded","section":"Shading Mode"},"sceneLighting":false,"audioPlay":false,"sceneViewState":{"showFog":true,"showMaterialUpdate":false,"showSkybox":false,"showFlares":true,"showImageEffects":true,"showParticleSystems":true,"showVisualEffectGraphs":true,"m_FxEnabled":true},"in2DMode":false,"pivot":{"x":-1.3708093166351319,"y":0.8810268044471741,"z":16.778125762939454},"rotation":{"x":0.037417054176330569,"y":0.06291409581899643,"z":-0.002359102014452219,"w":0.9973172545433044},"size":2.9637019634246828,"orthographic":false}