{"cameraMode":{"drawMode":0,"name":"Shaded","section":"Shading Mode"},"sceneLighting":false,"audioPlay":false,"sceneViewState":{"showFog":true,"showMaterialUpdate":false,"showSkybox":false,"showFlares":true,"showImageEffects":true,"showParticleSystems":true,"showVisualEffectGraphs":true,"m_FxEnabled":true},"in2DMode":false,"pivot":{"x":-1.9534473419189454,"y":1.4728007316589356,"z":16.435529708862306},"rotation":{"x":0.19365347921848298,"y":-0.1247081533074379,"z":0.024827057495713235,"w":0.9727979898452759},"size":2.5911080837249758,"orthographic":false}